-- phpMyAdmin SQL Dump
-- version 4.5.4.1deb2ubuntu2
-- http://www.phpmyadmin.net
--
-- Host: localhost
-- Generation Time: Sep 16, 2017 at 11:24 AM
-- Server version: 5.7.19-0ubuntu0.16.04.1-log
-- PHP Version: 7.0.18-0ubuntu0.16.04.1

SET SQL_MODE = "NO_AUTO_VALUE_ON_ZERO";
SET time_zone = "+00:00";


/*!40101 SET @OLD_CHARACTER_SET_CLIENT=@@CHARACTER_SET_CLIENT */;
/*!40101 SET @OLD_CHARACTER_SET_RESULTS=@@CHARACTER_SET_RESULTS */;
/*!40101 SET @OLD_COLLATION_CONNECTION=@@COLLATION_CONNECTION */;
/*!40101 SET NAMES utf8mb4 */;

--
-- Database: `hrmpayrolladmin`
--

-- --------------------------------------------------------

--
-- Table structure for table `employeecount`
--

CREATE TABLE `employeecount` (
  `id` int(100) NOT NULL,
  `low` varchar(100) DEFAULT NULL,
  `high` varchar(100) DEFAULT NULL
) ENGINE=InnoDB DEFAULT CHARSET=latin1;

--
-- Dumping data for table `employeecount`
--

INSERT INTO `employeecount` (`id`, `low`, `high`) VALUES
(1, '1', '10'),
(2, '11', '15'),
(3, '16', '25'),
(4, '26', '50'),
(5, '51', '75'),
(6, '76', '100'),
(7, '101', '150'),
(8, '151', '200'),
(9, '201', '250'),
(10, '251', '300');

-- --------------------------------------------------------

--
-- Table structure for table `migrations`
--

CREATE TABLE `migrations` (
  `id` int(10) UNSIGNED NOT NULL,
  `migration` varchar(255) COLLATE utf8mb4_unicode_ci NOT NULL,
  `batch` int(11) NOT NULL
) ENGINE=InnoDB DEFAULT CHARSET=utf8mb4 COLLATE=utf8mb4_unicode_ci;

--
-- Dumping data for table `migrations`
--

INSERT INTO `migrations` (`id`, `migration`, `batch`) VALUES
(1, '2014_10_12_000000_create_users_table', 1),
(2, '2014_10_12_100000_create_password_resets_table', 1),
(3, '2017_07_05_192303_create_plan_coverages_table', 2),
(4, '2017_07_06_070910_create_benefits_plan_coverages_table', 2);

-- --------------------------------------------------------

--
-- Table structure for table `password_resets`
--

CREATE TABLE `password_resets` (
  `email` varchar(191) COLLATE utf8mb4_unicode_ci NOT NULL,
  `token` varchar(191) COLLATE utf8mb4_unicode_ci NOT NULL,
  `created_at` timestamp NULL DEFAULT NULL
) ENGINE=InnoDB DEFAULT CHARSET=utf8mb4 COLLATE=utf8mb4_unicode_ci;

-- --------------------------------------------------------

--
-- Table structure for table `payrollprocessor`
--

CREATE TABLE `payrollprocessor` (
  `id` int(11) NOT NULL,
  `tenant` varchar(20) NOT NULL,
  `uploadid` varchar(20) NOT NULL,
  `status` int(2) NOT NULL,
  `comment` text NOT NULL,
  `created_at` timestamp NULL DEFAULT NULL,
  `updated_at` timestamp NULL DEFAULT NULL
) ENGINE=InnoDB DEFAULT CHARSET=latin1;

--
-- Dumping data for table `payrollprocessor`
--

INSERT INTO `payrollprocessor` (`id`, `tenant`, `uploadid`, `status`, `comment`, `created_at`, `updated_at`) VALUES
(1, '3', '12', 1, 'Process the Following Employees Salary  Bank Details  Have been provided', '2017-09-12 06:41:36', '2017-09-13 03:02:44');

-- --------------------------------------------------------

--
-- Table structure for table `permissions`
--

CREATE TABLE `permissions` (
  `id` int(10) UNSIGNED NOT NULL,
  `name` varchar(255) COLLATE utf8_unicode_ci NOT NULL,
  `display_name` varchar(255) COLLATE utf8_unicode_ci DEFAULT NULL,
  `description` varchar(255) COLLATE utf8_unicode_ci DEFAULT NULL,
  `created_at` timestamp NULL DEFAULT NULL,
  `updated_at` timestamp NULL DEFAULT NULL,
  `tenant` int(11) DEFAULT NULL,
  `employee` int(11) DEFAULT NULL
) ENGINE=InnoDB DEFAULT CHARSET=utf8 COLLATE=utf8_unicode_ci;

--
-- Dumping data for table `permissions`
--

INSERT INTO `permissions` (`id`, `name`, `display_name`, `description`, `created_at`, `updated_at`, `tenant`, `employee`) VALUES
(1, 'create-post', 'Create Posts', 'create new blog posts', '2017-06-10 12:44:54', '2017-06-10 12:44:54', NULL, NULL),
(3, 'employee-info-show', 'Employee  Personal Information', 'Employee  Personal Information', '2017-06-15 08:57:11', '2017-06-15 08:57:11', NULL, NULL),
(4, 'edit-employee-info', 'Edit Employee  Personal Information', 'Edit Employee  Personal Information', '2017-06-15 08:57:11', '2017-06-15 08:57:11', NULL, NULL),
(5, 'add-employee-contact', 'Add Employee Contact Personal Information', 'Add Employee Contact  Personal Information', '2017-06-15 08:57:40', '2017-06-15 08:57:40', NULL, NULL),
(6, 'edit-employee-contact', 'Edit Employee  Contact Personal Information', 'Edit Employee  Contact Personal Information', '2017-06-15 08:57:40', '2017-06-15 08:57:40', NULL, NULL),
(7, 'add-employee-emergency', 'Add Employee emergency Contact Personal Information', 'Add Employee emergency Contact  Personal Information', '2017-06-15 08:58:45', '2017-06-15 08:58:45', NULL, NULL),
(8, 'edit-employee-emergency', 'Edit Employee  emergency Contact Personal Information', 'Edit Employee  emergency Contact Personal Information', '2017-06-15 08:58:45', '2017-06-15 08:58:45', NULL, NULL),
(9, 'employee-view', 'employee view', 'employee view', '2017-06-17 14:35:35', '2017-06-17 14:35:35', NULL, NULL),
(10, 'employee-add', 'employee add', 'employee add', '2017-06-17 14:35:54', '2017-06-17 14:35:54', NULL, NULL),
(11, 'employee-edit', 'employee edit', 'employee edit', '2017-06-17 14:36:23', '2017-06-17 14:36:23', NULL, NULL),
(12, 'employee-delete', 'employee delete', 'employee delete', '2017-06-17 14:36:42', '2017-06-17 14:36:42', NULL, NULL),
(13, 'documents-decision', 'Documents decision', 'Documents decision', '2017-06-19 04:43:07', '2017-06-19 04:43:07', NULL, NULL),
(14, 'documents-list', 'Documents list', 'Documents list', '2017-06-19 04:43:39', '2017-06-19 04:43:39', NULL, NULL),
(15, 'documents-add', 'Documents Add', 'Documents Add', '2017-06-19 04:43:58', '2017-06-19 04:43:58', NULL, NULL),
(16, 'documents-edit', 'Documents Edit', 'Documents Edit', '2017-06-19 04:44:20', '2017-06-19 04:44:20', NULL, NULL),
(17, 'documents-delete', 'Documents Delete', 'Documents Delete', '2017-06-19 04:44:44', '2017-06-19 04:44:44', NULL, NULL),
(22, 'assignleave-decision', 'Assignleave decision', 'Assignleave decision', '2017-06-19 06:05:58', '2017-06-19 06:05:58', NULL, NULL),
(25, 'skill-view', 'Skill View', 'Skill View', '2017-06-19 08:29:10', '2017-06-19 08:29:10', NULL, NULL),
(26, 'skill-add', 'Skill Add', 'Skill Add', '2017-06-19 08:31:51', '2017-06-19 08:31:51', NULL, NULL),
(27, 'skill-edit', 'Skill Edit', 'Skill Edit', '2017-06-19 08:34:07', '2017-06-19 08:34:07', NULL, NULL),
(28, 'workshift-list', 'Workshift List', 'Workshift List', '2017-06-19 10:05:48', '2017-06-19 10:05:48', NULL, NULL),
(29, 'workshift-add', 'Workshift Add', 'Workshift Add', '2017-06-19 10:06:08', '2017-06-19 10:06:08', NULL, NULL),
(30, 'workshift-edit', 'Workshift Edit', 'Workshift Edit', '2017-06-19 10:06:29', '2017-06-19 10:06:29', NULL, NULL),
(31, 'workshift-delete', 'Workshift Delete', 'Workshift Delete', '2017-06-19 10:06:54', '2017-06-19 10:06:54', NULL, NULL),
(32, 'employee-list', 'Employee List', 'Employee List', '2017-06-22 11:17:34', '2017-06-22 11:17:34', NULL, NULL),
(45, 'admin-dashboard', 'Admin Dashboard', 'Admin Dashboard', '2017-06-29 04:25:35', '2017-06-29 04:25:35', NULL, NULL),
(46, 'company-profile', 'Company Profile', 'Company Profile', '2017-06-29 05:03:24', '2017-06-29 05:03:24', NULL, NULL),
(47, 'location-add', 'Location Add', 'Location Add', '2017-06-29 11:25:48', '2017-06-29 11:25:48', NULL, NULL),
(48, 'location-view', 'Location View', 'Location View', '2017-06-29 11:27:37', '2017-06-29 11:27:37', NULL, NULL),
(49, 'location-delete', 'Location Delete', 'Location Delete', '2017-06-29 11:31:19', '2017-06-29 11:31:19', NULL, NULL),
(50, 'location-edit', 'Location Edit', 'Location Edit', '2017-06-29 11:33:10', '2017-06-29 11:33:10', NULL, NULL),
(51, 'jobtitle-view', 'Jobtitle View', 'Jobtitle View', '2017-06-29 11:44:55', '2017-06-29 11:44:55', NULL, NULL),
(52, 'jobtitle-add', 'Jobtitle Add', 'Jobtitle Add', '2017-06-29 11:48:29', '2017-06-29 11:48:29', NULL, NULL),
(53, 'jobtitle-edit', 'Jobtitle Edit', 'Jobtitle Edit', '2017-06-29 11:48:49', '2017-06-29 11:48:49', NULL, NULL),
(54, 'jobtitle-delete', 'Jobtitle Delete', 'Jobtitle Delete', '2017-06-29 11:49:54', '2017-06-29 11:49:54', NULL, NULL),
(55, 'jobcategory-view', 'Jobcategory View', 'Jobcategory View', '2017-06-29 12:10:28', '2017-06-29 12:10:28', NULL, NULL),
(56, 'jobcategory-add', 'Jobcategory Add', 'Jobcategory Add', '2017-06-29 12:13:06', '2017-06-29 12:13:06', NULL, NULL),
(57, 'jobcategory-edit', 'Jobcategory Edit', 'Jobcategory Edit', '2017-06-29 12:13:34', '2017-06-29 12:13:34', NULL, NULL),
(58, 'jobcategory-delete', 'Jobcategory Delete', 'Jobcategory Delete', '2017-06-29 12:14:14', '2017-06-29 12:14:14', NULL, NULL),
(59, 'nationality-view', 'Nationality View', 'Nationality View', '2017-06-29 12:32:28', '2017-06-29 12:32:28', NULL, NULL),
(60, 'nationality-add', 'Nationality Add', 'Nationality Add', '2017-06-29 12:34:05', '2017-06-29 12:34:05', NULL, NULL),
(61, 'nationality-edit', 'Nationality Edit', 'Nationality Edit', '2017-06-29 12:34:45', '2017-06-29 12:34:45', NULL, NULL),
(62, 'nationality-delete', 'Nationality Delete', 'Nationality Delete', '2017-06-29 12:36:20', '2017-06-29 12:36:20', NULL, NULL),
(63, 'skill-delete', 'Skill Delete', 'Skill Delete', '2017-06-29 13:01:24', '2017-06-29 13:01:24', NULL, NULL),
(64, 'education-view', 'Education View', 'Education View', '2017-06-29 13:18:29', '2017-06-29 13:18:29', NULL, NULL),
(65, 'education-add', 'Education Add', 'Education Add', '2017-06-29 13:19:42', '2017-06-29 13:19:42', NULL, NULL),
(66, 'education-edit', 'Education Edit', 'Education Edit', '2017-06-29 14:18:03', '2017-06-29 14:18:03', NULL, NULL),
(67, 'education-delete', 'Education Delete', 'Education Delete', '2017-06-29 14:18:32', '2017-06-29 14:18:32', NULL, NULL),
(68, 'license-view', 'License View', 'License View', '2017-06-29 14:56:42', '2017-06-29 14:56:42', NULL, NULL),
(69, 'license-add', 'License Add', 'License Add', '2017-06-29 14:58:44', '2017-06-29 14:58:44', NULL, NULL),
(70, 'license-edit', 'License Edit', 'License Edit', '2017-06-29 14:59:46', '2017-06-29 14:59:46', NULL, NULL),
(71, 'license-delete', 'License Delete', 'License Delete', '2017-06-29 15:00:21', '2017-06-29 15:00:21', NULL, NULL),
(72, 'language-view', 'Language View', 'Language View', '2017-06-29 15:17:35', '2017-06-29 15:17:35', NULL, NULL),
(73, 'language-add', 'Language Add', 'Language Add', '2017-06-29 15:18:28', '2017-06-29 15:18:28', NULL, NULL),
(74, 'language-edit', 'Language Edit', 'Language Edit', '2017-06-29 15:20:01', '2017-06-29 15:20:01', NULL, NULL),
(75, 'language-delete', 'Language Delete', 'Language Delete', '2017-06-29 15:20:41', '2017-06-29 15:20:41', NULL, NULL),
(76, 'membership-view', 'Membership View', 'Membership View', '2017-06-29 15:42:24', '2017-06-29 15:42:24', NULL, NULL),
(77, 'membership-add', 'Membership Add', 'Membership Add', '2017-06-29 15:44:47', '2017-06-29 15:44:47', NULL, NULL),
(78, 'membership-edit', 'Membership Edit', 'Membership Edit', '2017-06-29 15:45:22', '2017-06-29 15:45:22', NULL, NULL),
(79, 'membership-delete', 'Membership Delete', 'Membership Delete', '2017-06-29 15:46:57', '2017-06-29 15:46:57', NULL, NULL),
(80, 'users-view', 'Users View', 'Users View', '2017-06-29 16:17:47', '2017-06-29 16:17:47', NULL, NULL),
(81, 'users-add', 'Users Add', 'Users Add', '2017-06-29 16:19:48', '2017-06-29 16:19:48', NULL, NULL),
(82, 'users-edit', 'Users Edit', 'Users Edit', '2017-06-29 16:20:28', '2017-06-29 16:20:28', NULL, NULL),
(83, 'users-delete', 'Users Delete', 'Users Delete', '2017-06-29 16:22:21', '2017-06-29 16:22:21', NULL, NULL),
(84, 'roles-view', 'Roles View', 'Roles View', '2017-06-29 17:57:29', '2017-06-29 17:57:29', NULL, NULL),
(85, 'roles-add', 'Roles Add', 'Roles Add', '2017-06-29 17:58:32', '2017-06-29 17:58:32', NULL, NULL),
(86, 'roles-edit', 'Roles Edit', 'Roles Edit', '2017-06-29 17:59:01', '2017-06-29 17:59:01', NULL, NULL),
(87, 'roles-delete', 'Roles Delete', 'Roles Delete', '2017-06-29 17:59:48', '2017-06-29 17:59:48', NULL, NULL),
(88, 'permission-view', 'Permission View', 'Permission View', '2017-06-29 18:18:03', '2017-06-29 18:18:03', NULL, NULL),
(89, 'holiday-view', 'Holiday View', 'Hoilday View', '2017-06-30 03:35:39', '2017-06-30 03:35:39', NULL, NULL),
(90, 'holiday-add', 'Holiday Add', 'Hoilday Add', '2017-06-30 03:48:08', '2017-06-30 03:48:08', NULL, NULL),
(91, 'holiday-edit', 'Holiday Edit', 'Hoilday Edit', '2017-06-30 03:48:45', '2017-06-30 03:48:45', NULL, NULL),
(92, 'holiday-delete', 'Holiday Delete', 'Hoilday Delete', '2017-06-30 03:49:20', '2017-06-30 03:49:20', NULL, NULL),
(95, 'leavetype-view', 'LeaveType View', 'LeaveType View', '2017-06-30 04:18:45', '2017-06-30 04:18:45', NULL, NULL),
(96, 'leavetype-add', 'LeaveType Add', 'LeaveType Add', '2017-06-30 04:19:37', '2017-06-30 04:19:37', NULL, NULL),
(97, 'leavetype-edit', 'LeaveType Edit', 'LeaveType Edit', '2017-06-30 04:20:20', '2017-06-30 04:20:20', NULL, NULL),
(98, 'leavetype-delete', 'LeaveType Delete', 'LeaveType Delete', '2017-06-30 04:21:07', '2017-06-30 04:21:07', NULL, NULL),
(99, 'benefit-view', 'Benefit View', 'Benefit View', '2017-06-30 04:45:15', '2017-06-30 04:45:15', NULL, NULL),
(100, 'benefit-add', 'Benefit Add', 'Benefit Add', '2017-06-30 04:46:09', '2017-06-30 04:46:09', NULL, NULL),
(101, 'benefit-edit', 'Benefit Edit', 'Benefit Edit', '2017-06-30 04:46:36', '2017-06-30 04:46:36', NULL, NULL),
(102, 'benefit-delete', 'Benefit Delete', 'Benefit Delete', '2017-06-30 04:47:10', '2017-06-30 04:47:10', NULL, NULL),
(103, 'deduction-view', 'Deduction View', 'Deduction View', '2017-06-30 05:01:19', '2017-06-30 05:01:19', NULL, NULL),
(104, 'deduction-add', 'Deduction Add', 'Deduction Add', '2017-06-30 05:02:19', '2017-06-30 05:02:19', NULL, NULL),
(105, 'deduction-edit', 'Deduction Edit', 'Deduction Edit', '2017-06-30 05:03:47', '2017-06-30 05:03:47', NULL, NULL),
(106, 'deduction-delete', 'Deduction Delete', 'Deduction Delete', '2017-06-30 05:04:36', '2017-06-30 05:04:36', NULL, NULL),
(108, 'bankdetails-view', 'Bank Details View', 'Bank Details View', '2017-06-30 06:27:15', '2017-06-30 06:27:15', NULL, NULL),
(109, 'bankdetails-add', 'Bank Details Add', 'Bank Details Add', '2017-06-30 06:33:37', '2017-06-30 06:33:37', NULL, NULL),
(110, 'bankdetails-edit', 'Bank Details Edit', 'Bank Details Edit', '2017-06-30 06:34:21', '2017-06-30 06:34:21', NULL, NULL),
(111, 'bankdetails-delete', 'Bank Details Delete', 'Bank Details Delete', '2017-06-30 06:34:54', '2017-06-30 06:34:54', NULL, NULL),
(125, 'empeducation-view', 'Employee education view', 'Employee education view', '2017-07-02 05:33:04', '2017-07-02 05:33:04', NULL, 1),
(126, 'empeducation-add', 'Employee education Add', 'Employee education Add', '2017-07-02 06:01:33', '2017-07-02 06:01:33', NULL, NULL),
(129, 'empeducation-edit', 'Employee education Edit', 'Employee education Edit', '2017-07-02 07:43:10', '2017-07-02 07:43:10', NULL, NULL),
(130, 'empeducation-delete', 'Employee education Delete', 'Employee education Delete', '2017-07-02 07:43:42', '2017-07-02 07:43:42', NULL, NULL),
(131, 'empskill-delete', 'Employee Skill Delete', 'Employee Skill Delete', '2017-07-02 08:26:50', '2017-07-02 08:26:50', NULL, NULL),
(132, 'empskill-edit', 'Employee Skill Edit', 'Employee Skill Edit', '2017-07-02 08:27:09', '2017-07-02 08:27:09', NULL, NULL),
(133, 'empskill-view', 'Employee Skill View', 'Employee Skill View', '2017-07-02 08:27:28', '2017-07-02 08:27:28', NULL, 1),
(134, 'empskill-add', 'Employee Skill Add', 'Employee Skill Add', '2017-07-02 08:28:25', '2017-07-02 08:28:25', NULL, NULL),
(135, 'emplanguage-view', 'Employee Languages View', 'Employee Languages View', '2017-07-02 09:32:38', '2017-07-02 09:32:38', NULL, 1),
(136, 'emplanguage-add', 'Employee Languages Add', 'Employee Languages Add', '2017-07-02 09:47:02', '2017-07-02 09:47:02', NULL, NULL),
(137, 'emplanguage-edit', 'Employee Languages Edit', 'Employee Languages Edit', '2017-07-02 09:47:45', '2017-07-02 09:47:45', NULL, NULL),
(138, 'emplanguage-delete', 'Employee Languages Delete', 'Employee Languages Delete', '2017-07-02 10:34:08', '2017-07-02 10:34:08', NULL, NULL),
(148, 'employmentstatus-view', 'Employee Status View', 'Employee Status View', '2017-07-03 04:36:11', '2017-07-03 04:36:11', NULL, NULL),
(149, 'employmentstatus-add', 'Employee Status Add', 'Employee Status Add', '2017-07-03 04:36:47', '2017-07-03 04:36:47', NULL, NULL),
(150, 'employmentstatus-edit', 'Employee Status Edit', 'Employee Status Edit', '2017-07-03 04:37:17', '2017-07-03 04:37:17', NULL, NULL),
(151, 'employmentstatus-delete', 'Employee Status Delete', 'Employee Status Delete', '2017-07-03 04:39:23', '2017-07-03 04:39:23', NULL, NULL),
(152, 'employeejobdetails-view', 'Employee Job Details View', 'Employee Job Details View', '2017-07-03 05:45:10', '2017-07-03 05:45:10', NULL, 1),
(153, 'employeejobdetails-add', 'Employee Job Details Add', 'Employee Job Details Add', '2017-07-04 04:03:23', '2017-07-04 04:03:23', NULL, NULL),
(154, 'employeejobdetails-edit', 'Employee Job Details Edit', 'Employee Job Details Edit', '2017-07-04 04:04:37', '2017-07-04 04:04:37', NULL, NULL),
(155, 'employeejobdetails-delete', 'Employee Job Details Delete', 'Employee Job Details Delete', '2017-07-04 04:05:26', '2017-07-04 04:05:26', NULL, NULL),
(156, 'empsalary-view', 'Employee Salary View', 'Employee Salary View', '2017-07-04 04:22:34', '2017-07-04 04:22:34', NULL, 1),
(157, 'empsalary-add', 'Employee Salary Add', 'Employee Salary Add', '2017-07-04 04:23:08', '2017-07-04 04:23:08', NULL, NULL),
(158, 'empsalary-edit', 'Employee Salary Edit', 'Employee Salary Edit', '2017-07-04 04:23:54', '2017-07-04 04:23:54', NULL, NULL),
(159, 'empsalary-delete', 'Employee Salary Delete', 'Employee Salary Delete', '2017-07-04 04:24:28', '2017-07-04 04:24:28', NULL, NULL),
(160, 'empsalary-delete', 'Employee Salary Delete', 'Employee Salary Delete', '2017-07-04 06:48:38', '2017-07-04 06:48:38', NULL, NULL),
(161, 'emergencycontact-view', 'Emergency Contact View', 'Emergency Contact View', '2017-07-04 09:15:46', '2017-07-04 09:15:46', NULL, 1),
(162, 'emergencycontact-add', 'Emergency Contact Add', 'Emergency Contact Add', '2017-07-04 09:16:41', '2017-07-04 09:16:41', NULL, NULL),
(163, 'emergencycontact-edit', 'Emergency Contact Edit', 'Emergency Contact Edit', '2017-07-04 09:42:31', '2017-07-04 09:42:31', NULL, NULL),
(164, 'emergencycontact-delete', 'Emergency Contact Delete', 'Emergency Contact Delete', '2017-07-04 09:47:50', '2017-07-04 09:47:50', NULL, NULL),
(165, 'processPayroll-decision', 'Process Payroll Decision', 'Process Payroll Decision', '2017-07-05 05:08:09', '2017-07-05 05:08:09', NULL, NULL),
(166, 'salarybenefit-plan-view', 'Salary Benefit Plan View', 'Salary Benefit Plan View', '2017-07-05 09:05:08', '2017-07-05 09:05:08', NULL, NULL),
(167, 'salarybenefit-plan-add', 'Salary Benefit Plan Add', 'Salary Benefit Plan Add', '2017-07-05 10:06:08', '2017-07-05 10:06:08', NULL, NULL),
(168, 'plancoverages-add', 'Plan Coverage Add', 'Plan Coverage Add', '2017-07-06 02:19:33', '2017-07-06 02:19:33', NULL, NULL),
(169, 'plancoverages-view', 'Plan Coverage View', 'Plan Coverage View', '2017-07-06 02:19:56', '2017-07-06 02:19:56', NULL, NULL),
(170, 'plancoverages-edit', 'Plan Coverage Edit', 'Plan Coverage Edit', '2017-07-06 02:43:29', '2017-07-06 02:43:29', NULL, NULL),
(171, 'plancoverages-delete', 'Plan Coverage Delete', 'Plan Coverage Delete', '2017-07-06 02:44:01', '2017-07-06 02:44:01', NULL, NULL),
(172, 'salarybenefit-plan-edit', 'Salary benefit plan edit', 'Salary benefit plan edit', '2017-07-06 05:22:54', '2017-07-06 05:22:54', NULL, NULL),
(173, 'salarybenefit-plan-delete', 'Salary benefit plan Delete', 'Salary benefit plan Delete', '2017-07-06 05:23:23', '2017-07-06 05:23:23', NULL, NULL),
(174, 'leavepolicy-add', 'Leave Policy Add', 'Leave Policy Add', '2017-07-06 06:55:27', '2017-07-06 06:55:27', NULL, NULL),
(175, 'leavepolicy-edit', 'Leave Policy Edit', 'Leave Policy Edit', '2017-07-06 13:14:27', '2017-07-06 13:14:27', NULL, NULL),
(176, 'leavepolicy-delete', 'Leave Policy Delete', 'Leave Policy Delete', '2017-07-06 13:15:21', '2017-07-06 13:15:21', NULL, NULL),
(177, 'createdocumentcategory-add', 'Create Documents Category', 'Create Documents Category', '2017-07-06 14:06:39', '2017-07-06 14:06:39', NULL, NULL),
(178, 'createdocumentfile-add', 'Create Documents File', 'Create Documents File', '2017-07-06 14:10:28', '2017-07-06 14:10:28', NULL, NULL),
(179, 'createdocumentfile-add', 'Create Documents File', 'Create Documents File', '2017-07-07 04:32:31', '2017-07-07 04:32:31', NULL, NULL),
(180, 'createdocumentfile-add', 'Create Documents File', 'Create Documents File', '2017-07-08 13:50:34', '2017-07-08 13:50:34', NULL, NULL),
(181, 'createdocumentfile-add', 'Create Documents File', 'Create Documents File', '2017-07-08 13:55:51', '2017-07-08 13:55:51', NULL, NULL),
(182, 'createdocumentfile-add', 'Create Documents File', 'Create Documents File', '2017-07-08 15:25:07', '2017-07-08 15:25:07', NULL, NULL),
(183, 'report-dashboard', 'Report Dashboard', 'Report Dashboard', '2017-07-08 16:21:59', '2017-07-08 16:21:59', NULL, NULL),
(184, 'employee-show', 'Employee Show', 'Employee Show', '2017-07-09 03:22:45', '2017-07-09 03:22:45', NULL, 1),
(185, 'assign-leave-view', 'Assign Leave View', 'Assign Leave View', '2017-07-09 04:06:12', '2017-07-09 04:06:12', NULL, 1),
(186, 'assign-leave-add', 'Assign Leave Add', 'Assign Leave Add', '2017-07-09 04:06:49', '2017-07-09 04:06:49', NULL, 1),
(187, 'assign-leave-edit', 'Assign Leave Edit', 'Assign Leave Edit', '2017-07-09 04:08:19', '2017-07-09 04:08:19', NULL, 1),
(188, 'assign-leave-delete', 'Assign Leave Delete', 'Assign Leave Delete', '2017-07-09 04:08:32', '2017-07-09 04:08:32', NULL, 1),
(189, 'assign-leave-view', 'Assign Leave View', 'Assign Leave View', '2017-07-09 08:18:11', '2017-07-09 08:18:11', NULL, NULL),
(197, 'salarydeduction-view', 'Salary Deduction View', 'Salary Deduction View', '2017-07-09 13:25:04', '2017-07-09 13:25:04', NULL, NULL),
(198, 'salarydeduction-add', 'Salary Deduction Add', 'Salary Deduction Add', '2017-07-09 13:25:37', '2017-07-09 13:25:37', NULL, NULL),
(199, 'salarydeduction-edit', 'Salary Deduction Edit', 'Salary Deduction Edit', '2017-07-09 13:26:15', '2017-07-09 13:26:15', NULL, NULL),
(200, 'salaryupload-add', 'Salary Upload Add', 'Salary Upload Add', '2017-07-12 15:32:39', '2017-07-12 15:32:39', NULL, NULL),
(201, 'salaryupload-add', 'Salary Upload Add', 'Salary Upload Add', '2017-07-23 07:13:25', '2017-07-23 07:13:25', NULL, NULL),
(202, 'payslip-filter-report', 'Payslip Filter Report', 'Payslip Filter Report', '2017-07-23 07:13:44', '2017-07-23 07:13:44', NULL, NULL),
(203, 'payslip-individual', 'Payslip Individual Report', 'Payslip Individual Report', '2017-07-23 10:33:16', '2017-07-23 10:33:16', NULL, NULL),
(204, 'nhif-filter-report', 'Nhif Filter Report', 'Nhif Filter Report', '2017-07-24 11:24:48', '2017-07-24 11:24:48', NULL, NULL),
(205, 'nssf-filter-report', 'NSSf Filter Report', 'NSSf Filter Report', '2017-07-24 15:15:46', '2017-07-24 15:15:46', NULL, NULL),
(206, 'onboarding-view', 'Onboarding View', 'Onboarding View', '2017-07-25 14:22:17', '2017-07-25 14:22:17', NULL, NULL),
(207, 'offboarding-view', 'Offboarding View', 'Offboarding View', '2017-07-25 14:25:53', '2017-07-25 14:25:53', NULL, NULL),
(208, 'reporting-to-add', 'Add Reporting to', 'Add Reporting To', '2017-09-13 05:06:51', '2017-09-13 05:06:51', NULL, NULL),
(209, 'reporting-to-edit', 'Edit Reporting to', 'Edit Reporting To', '2017-09-13 08:05:56', '2017-09-13 08:05:56', NULL, NULL),
(210, 'reporting-to-edit', 'Edit Reporting to', 'Edit Reporting To', '2017-09-13 14:22:29', '2017-09-13 14:22:29', NULL, NULL),
(211, 'reporting-to-edit', 'Edit Reporting to', 'Edit Reporting To', '2017-09-14 14:18:48', '2017-09-14 14:18:48', NULL, NULL);

-- --------------------------------------------------------

--
-- Table structure for table `permission_role`
--

CREATE TABLE `permission_role` (
  `permission_id` int(10) UNSIGNED NOT NULL,
  `role_id` int(10) UNSIGNED NOT NULL
) ENGINE=InnoDB DEFAULT CHARSET=utf8 COLLATE=utf8_unicode_ci;

--
-- Dumping data for table `permission_role`
--

INSERT INTO `permission_role` (`permission_id`, `role_id`) VALUES
(1, 1),
(1, 2),
(2, 2),
(3, 3),
(4, 3),
(5, 3),
(6, 3),
(7, 3),
(8, 3),
(9, 1),
(10, 1),
(11, 1),
(12, 1),
(13, 1),
(14, 1),
(15, 1),
(16, 1),
(17, 1),
(18, 1),
(19, 1),
(20, 1),
(21, 1),
(22, 1),
(23, 1),
(24, 1),
(25, 1),
(26, 1),
(27, 1),
(28, 1),
(29, 1),
(30, 1),
(31, 1),
(1, 5),
(2, 5),
(3, 5),
(4, 5),
(5, 5),
(6, 5),
(7, 5),
(8, 5),
(9, 5),
(10, 5),
(11, 5),
(12, 5),
(13, 5),
(14, 5),
(15, 5),
(16, 5),
(17, 5),
(22, 5),
(23, 5),
(24, 5),
(25, 5),
(26, 5),
(27, 5),
(28, 5),
(29, 5),
(30, 5),
(31, 5),
(32, 5),
(33, 5),
(34, 5),
(35, 5),
(36, 5),
(37, 5),
(38, 5),
(39, 5),
(40, 5),
(41, 5),
(42, 5),
(43, 5),
(44, 5),
(45, 5),
(46, 5),
(47, 5),
(48, 5),
(49, 5),
(50, 5),
(51, 5),
(52, 5),
(53, 5),
(54, 5),
(55, 5),
(56, 5),
(57, 5),
(58, 5),
(59, 5),
(60, 5),
(61, 5),
(62, 5),
(63, 5),
(64, 5),
(65, 5),
(66, 5),
(67, 5),
(68, 5),
(69, 5),
(70, 5),
(71, 5),
(72, 5),
(73, 5),
(74, 5),
(75, 5),
(76, 5),
(77, 5),
(78, 5),
(79, 5),
(80, 5),
(81, 5),
(82, 5),
(83, 5),
(84, 5),
(85, 5),
(86, 5),
(87, 5),
(88, 5),
(89, 5),
(90, 5),
(91, 5),
(92, 5),
(93, 5),
(94, 5),
(95, 5),
(96, 5),
(97, 5),
(98, 5),
(99, 5),
(100, 5),
(101, 5),
(102, 5),
(103, 5),
(104, 5),
(105, 5),
(106, 5),
(107, 5),
(108, 5),
(109, 5),
(110, 5),
(111, 5),
(112, 5),
(113, 5),
(114, 5),
(115, 5),
(116, 5),
(117, 5),
(118, 5),
(119, 5),
(120, 5),
(121, 5),
(122, 5),
(123, 5),
(124, 5),
(125, 5),
(126, 5),
(127, 5),
(128, 5),
(129, 5),
(130, 5),
(131, 5),
(132, 5),
(133, 5),
(134, 5),
(135, 5),
(136, 5),
(137, 5),
(138, 5),
(139, 5),
(140, 5),
(141, 5),
(142, 5),
(143, 5),
(144, 5),
(145, 5),
(146, 5),
(147, 5),
(148, 5),
(149, 5),
(150, 5),
(151, 5),
(152, 5),
(153, 5),
(154, 5),
(155, 5),
(156, 5),
(157, 5),
(158, 5),
(159, 5),
(160, 5),
(161, 5),
(162, 5),
(163, 5),
(164, 5),
(165, 5),
(166, 5),
(167, 5),
(168, 5),
(169, 5),
(170, 5),
(171, 5),
(172, 5),
(173, 5),
(174, 5),
(175, 5),
(176, 5),
(177, 5),
(178, 5),
(179, 5),
(180, 5),
(181, 5),
(182, 5),
(183, 5),
(184, 7),
(125, 7),
(133, 7),
(135, 7),
(152, 7),
(161, 7),
(156, 7),
(185, 5),
(186, 5),
(187, 5),
(188, 5),
(189, 5),
(186, 7),
(185, 7),
(189, 5),
(190, 5),
(191, 5),
(184, 5),
(192, 5),
(193, 5),
(194, 5),
(195, 5),
(196, 5),
(197, 5),
(198, 5),
(199, 5),
(200, 5),
(201, 5),
(202, 5),
(203, 5),
(204, 5),
(205, 5),
(206, 5),
(207, 5),
(1, 8),
(3, 8),
(4, 8),
(5, 8),
(6, 8),
(7, 8),
(8, 8),
(9, 8),
(10, 8),
(11, 8),
(12, 8),
(13, 8),
(14, 8),
(15, 8),
(16, 8),
(17, 8),
(22, 8),
(25, 8),
(26, 8),
(27, 8),
(28, 8),
(29, 8),
(30, 8),
(31, 8),
(32, 8),
(45, 8),
(46, 8),
(47, 8),
(48, 8),
(49, 8),
(50, 8),
(51, 8),
(52, 8),
(53, 8),
(54, 8),
(55, 8),
(56, 8),
(57, 8),
(58, 8),
(59, 8),
(60, 8),
(61, 8),
(62, 8),
(63, 8),
(64, 8),
(65, 8),
(66, 8),
(67, 8),
(68, 8),
(69, 8),
(70, 8),
(71, 8),
(72, 8),
(73, 8),
(74, 8),
(75, 8),
(76, 8),
(77, 8),
(78, 8),
(79, 8),
(80, 8),
(81, 8),
(82, 8),
(83, 8),
(84, 8),
(85, 8),
(86, 8),
(87, 8),
(88, 8),
(89, 8),
(90, 8),
(91, 8),
(92, 8),
(95, 8),
(96, 8),
(97, 8),
(98, 8),
(99, 8),
(100, 8),
(101, 8),
(102, 8),
(103, 8),
(104, 8),
(105, 8),
(106, 8),
(108, 8),
(109, 8),
(110, 8),
(111, 8),
(125, 8),
(125, 10),
(126, 8),
(129, 8),
(130, 8),
(131, 8),
(132, 8),
(133, 8),
(133, 10),
(134, 8),
(135, 8),
(135, 10),
(136, 8),
(137, 8),
(138, 8),
(148, 8),
(149, 8),
(150, 8),
(151, 8),
(152, 8),
(152, 10),
(153, 8),
(154, 8),
(155, 8),
(156, 8),
(156, 10),
(157, 8),
(158, 8),
(159, 8),
(160, 8),
(161, 8),
(161, 10),
(162, 8),
(163, 8),
(164, 8),
(165, 8),
(166, 8),
(167, 8),
(168, 8),
(169, 8),
(170, 8),
(171, 8),
(172, 8),
(173, 8),
(174, 8),
(175, 8),
(176, 8),
(177, 8),
(178, 8),
(179, 8),
(180, 8),
(181, 8),
(182, 8),
(183, 8),
(184, 8),
(184, 10),
(185, 8),
(185, 10),
(186, 8),
(186, 10),
(187, 8),
(187, 10),
(188, 8),
(188, 10),
(189, 8),
(197, 8),
(198, 8),
(199, 8),
(200, 8),
(201, 8),
(202, 8),
(203, 8),
(204, 8),
(205, 8),
(206, 8),
(207, 8),
(1, 11),
(3, 11),
(4, 11),
(5, 11),
(6, 11),
(7, 11),
(8, 11),
(9, 11),
(10, 11),
(11, 11),
(12, 11),
(13, 11),
(14, 11),
(15, 11),
(16, 11),
(17, 11),
(22, 11),
(25, 11),
(26, 11),
(27, 11),
(28, 11),
(29, 11),
(30, 11),
(31, 11),
(32, 11),
(45, 11),
(46, 11),
(47, 11),
(48, 11),
(49, 11),
(50, 11),
(51, 11),
(52, 11),
(53, 11),
(54, 11),
(55, 11),
(56, 11),
(57, 11),
(58, 11),
(59, 11),
(60, 11),
(61, 11),
(62, 11),
(63, 11),
(64, 11),
(65, 11),
(66, 11),
(67, 11),
(68, 11),
(69, 11),
(70, 11),
(71, 11),
(72, 11),
(73, 11),
(74, 11),
(75, 11),
(76, 11),
(77, 11),
(78, 11),
(79, 11),
(80, 11),
(81, 11),
(82, 11),
(83, 11),
(84, 11),
(85, 11),
(86, 11),
(87, 11),
(88, 11),
(89, 11),
(90, 11),
(91, 11),
(92, 11),
(95, 11),
(96, 11),
(97, 11),
(98, 11),
(99, 11),
(100, 11),
(101, 11),
(102, 11),
(103, 11),
(104, 11),
(105, 11),
(106, 11),
(108, 11),
(109, 11),
(110, 11),
(111, 11),
(125, 11),
(125, 13),
(126, 11),
(129, 11),
(130, 11),
(131, 11),
(132, 11),
(133, 11),
(133, 13),
(134, 11),
(135, 11),
(135, 13),
(136, 11),
(137, 11),
(138, 11),
(148, 11),
(149, 11),
(150, 11),
(151, 11),
(152, 11),
(152, 13),
(153, 11),
(154, 11),
(155, 11),
(156, 11),
(156, 13),
(157, 11),
(158, 11),
(159, 11),
(160, 11),
(161, 11),
(161, 13),
(162, 11),
(163, 11),
(164, 11),
(165, 11),
(166, 11),
(167, 11),
(168, 11),
(169, 11),
(170, 11),
(171, 11),
(172, 11),
(173, 11),
(174, 11),
(175, 11),
(176, 11),
(177, 11),
(178, 11),
(179, 11),
(180, 11),
(181, 11),
(182, 11),
(183, 11),
(184, 11),
(184, 13),
(185, 11),
(185, 13),
(186, 11),
(186, 13),
(187, 11),
(187, 13),
(188, 11),
(188, 13),
(189, 11),
(197, 11),
(198, 11),
(199, 11),
(200, 11),
(201, 11),
(202, 11),
(203, 11),
(204, 11),
(205, 11),
(206, 11),
(207, 11),
(208, 5),
(209, 5),
(210, 5),
(211, 5);

-- --------------------------------------------------------

--
-- Table structure for table `roles`
--

CREATE TABLE `roles` (
  `id` int(10) UNSIGNED NOT NULL,
  `name` varchar(255) COLLATE utf8_unicode_ci NOT NULL,
  `display_name` varchar(255) COLLATE utf8_unicode_ci DEFAULT NULL,
  `description` varchar(255) COLLATE utf8_unicode_ci DEFAULT NULL,
  `created_at` timestamp NULL DEFAULT NULL,
  `updated_at` timestamp NULL DEFAULT NULL,
  `tenant` int(11) DEFAULT NULL,
  `editable` int(11) DEFAULT '0'
) ENGINE=InnoDB DEFAULT CHARSET=utf8 COLLATE=utf8_unicode_ci;

--
-- Dumping data for table `roles`
--

INSERT INTO `roles` (`id`, `name`, `display_name`, `description`, `created_at`, `updated_at`, `tenant`, `editable`) VALUES
(1, 'admin', 'User Administrator', 'User is allowed to manage and edit other users', '2017-06-10 12:44:54', '2017-06-10 12:44:54', 1, 1),
(2, 'hrm', 'Human Resource', 'User is the owner of a given Human Resource Management', '2017-06-10 12:44:54', '2017-06-10 12:44:54', 1, 1),
(3, 'employee', 'Employee', 'Employeee', NULL, NULL, 1, 1),
(4, 'superadmin', 'Super Admin', 'Super Admin', NULL, NULL, NULL, 0),
(5, 'admin', 'User Administrator', 'User is allowed to manage and edit other users', '2017-06-22 03:52:18', '2017-06-22 03:52:18', 3, 0),
(6, 'hrm', 'Human Resource', 'User is the owner of a given Human Resource Management', '2017-06-22 03:52:18', '2017-06-22 03:52:18', 3, 0),
(7, 'employee', 'Employee', 'Employeee', '2017-06-22 03:52:18', '2017-06-22 03:52:18', 3, 0),
(8, 'admin', 'User Administrator', 'User is allowed to manage and edit other users', '2017-09-04 09:15:08', '2017-09-04 09:15:08', 4, 0),
(9, 'hrm', 'Human Resource', 'User is the owner of a given Human Resource Management', '2017-09-04 09:15:08', '2017-09-04 09:15:08', 4, 0),
(10, 'employee', 'Employee', 'Employeee', '2017-09-04 09:15:08', '2017-09-04 09:15:08', 4, 0),
(11, 'admin', 'User Administrator', 'User is allowed to manage and edit other users', '2017-09-04 09:22:01', '2017-09-04 09:22:01', 5, 0),
(12, 'hrm', 'Human Resource', 'User is the owner of a given Human Resource Management', '2017-09-04 09:22:01', '2017-09-04 09:22:01', 5, 0),
(13, 'employee', 'Employee', 'Employeee', '2017-09-04 09:22:01', '2017-09-04 09:22:01', 5, 0);

-- --------------------------------------------------------

--
-- Table structure for table `role_user`
--

CREATE TABLE `role_user` (
  `user_id` int(10) UNSIGNED NOT NULL,
  `role_id` int(10) UNSIGNED NOT NULL
) ENGINE=InnoDB DEFAULT CHARSET=utf8 COLLATE=utf8_unicode_ci;

--
-- Dumping data for table `role_user`
--

INSERT INTO `role_user` (`user_id`, `role_id`) VALUES
(1, 1),
(1, 1),
(18, 3),
(19, 4),
(20, 5),
(21, 7),
(22, 7),
(23, 7),
(24, 7),
(25, 8),
(26, 11);

-- --------------------------------------------------------

--
-- Table structure for table `tenants`
--

CREATE TABLE `tenants` (
  `id` bigint(20) NOT NULL,
  `identifier` varchar(100) NOT NULL,
  `name` varchar(100) NOT NULL,
  `schema_name` varchar(100) NOT NULL,
  `joined_date` date DEFAULT NULL,
  `created_at` datetime DEFAULT NULL,
  `updated_at` datetime DEFAULT NULL,
  `schema_server` varchar(100) NOT NULL DEFAULT 'localhost',
  `schema_server_port` varchar(10) NOT NULL DEFAULT '3306',
  `schema_username` varchar(100) NOT NULL DEFAULT 'root',
  `schema_password` varchar(100) NOT NULL DEFAULT 'mysql',
  `auto_update` tinyint(1) NOT NULL DEFAULT '1',
  `status` int(10) DEFAULT '0',
  `employeecount` int(10) DEFAULT NULL
) ENGINE=InnoDB DEFAULT CHARSET=utf8;

--
-- Dumping data for table `tenants`
--

INSERT INTO `tenants` (`id`, `identifier`, `name`, `schema_name`, `joined_date`, `created_at`, `updated_at`, `schema_server`, `schema_server_port`, `schema_username`, `schema_password`, `auto_update`, `status`, `employeecount`) VALUES
(1, 'demo', 'Default Demo Tenant', 'hrmpayroll', NULL, NULL, '2017-06-23 07:37:43', 'localhost', 'demo', 'demo', 'mysql', 1, 0, NULL),
(3, 'spicehrm', 'spicehrm', 'spice_spicehrm', '2017-06-22', '2017-06-22 06:52:18', '2017-06-22 06:52:18', 'localhost', '3306', 'root', 'mysql', 1, 0, 5),
(4, 'jambonation', 'jambonation', 'spice_jambonation', '2017-09-04', '2017-09-04 12:15:08', '2017-09-04 12:15:08', 'localhost', '3306', 'jambonation', 'jambonation', 1, 0, 5),
(5, 'sunset', 'sunset', 'spice_sunset', '2017-09-04', '2017-09-04 12:22:01', '2017-09-04 12:22:01', 'localhost', '3306', 'sunset', 'sunset', 1, 0, 5);

-- --------------------------------------------------------

--
-- Table structure for table `timezones`
--

CREATE TABLE `timezones` (
  `id` int(3) NOT NULL,
  `country_code` varchar(2) NOT NULL,
  `timezonename` varchar(100) NOT NULL,
  `comments` varchar(150) DEFAULT NULL
) ENGINE=InnoDB DEFAULT CHARSET=utf8;

--
-- Dumping data for table `timezones`
--

INSERT INTO `timezones` (`id`, `country_code`, `timezonename`, `comments`) VALUES
(1, 'AD', 'Europe/Andorra', NULL),
(2, 'AE', 'Asia/Dubai', ''),
(3, 'AF', 'Asia/Kabul', ''),
(4, 'AG', 'America/Antigua', ''),
(5, 'AI', 'America/Anguilla', ''),
(6, 'AL', 'Europe/Tirane', ''),
(7, 'AM', 'Asia/Yerevan', ''),
(8, 'AO', 'Africa/Luanda', ''),
(9, 'AQ', 'Antarctica/McMurdo', 'McMurdo Station, Ross Island'),
(10, 'AQ', 'Antarctica/South_Pole', 'Amundsen-Scott Station, South Pole'),
(11, 'AQ', 'Antarctica/Rothera', 'Rothera Station, Adelaide Island'),
(12, 'AQ', 'Antarctica/Palmer', 'Palmer Station, Anvers Island'),
(13, 'AQ', 'Antarctica/Mawson', 'Mawson Station, Holme Bay'),
(14, 'AQ', 'Antarctica/Davis', 'Davis Station, Vestfold Hills'),
(15, 'AQ', 'Antarctica/Casey', 'Casey Station, Bailey Peninsula'),
(16, 'AQ', 'Antarctica/Vostok', 'Vostok Station, Lake Vostok'),
(17, 'AQ', 'Antarctica/DumontDUrville', 'Dumont-dUrville Station, Terre Adelie'),
(18, 'AQ', 'Antarctica/Syowa', 'Syowa Station, E Ongul I'),
(19, 'AQ', 'Antarctica/Macquarie', 'Macquarie Island Station, Macquarie Island'),
(20, 'AR', 'America/Argentina/Buenos_Aires', 'Buenos Aires (BA, CF)'),
(21, 'AR', 'America/Argentina/Cordoba', 'most locations (CB, CC, CN, ER, FM, MN, SE, SF)'),
(22, 'AR', 'America/Argentina/Salta', '(SA, LP, NQ, RN)'),
(23, 'AR', 'America/Argentina/Jujuy', 'Jujuy (JY)'),
(24, 'AR', 'America/Argentina/Tucuman', 'Tucuman (TM)'),
(25, 'AR', 'America/Argentina/Catamarca', 'Catamarca (CT), Chubut (CH)'),
(26, 'AR', 'America/Argentina/La_Rioja', 'La Rioja (LR)'),
(27, 'AR', 'America/Argentina/San_Juan', 'San Juan (SJ)'),
(28, 'AR', 'America/Argentina/Mendoza', 'Mendoza (MZ)'),
(29, 'AR', 'America/Argentina/San_Luis', 'San Luis (SL)'),
(30, 'AR', 'America/Argentina/Rio_Gallegos', 'Santa Cruz (SC)'),
(31, 'AR', 'America/Argentina/Ushuaia', 'Tierra del Fuego (TF)'),
(32, 'AS', 'Pacific/Pago_Pago', ''),
(33, 'AT', 'Europe/Vienna', ''),
(34, 'AU', 'Australia/Lord_Howe', 'Lord Howe Island'),
(35, 'AU', 'Australia/Hobart', 'Tasmania - most locations'),
(36, 'AU', 'Australia/Currie', 'Tasmania - King Island'),
(37, 'AU', 'Australia/Melbourne', 'Victoria'),
(38, 'AU', 'Australia/Sydney', 'New South Wales - most locations'),
(39, 'AU', 'Australia/Broken_Hill', 'New South Wales - Yancowinna'),
(40, 'AU', 'Australia/Brisbane', 'Queensland - most locations'),
(41, 'AU', 'Australia/Lindeman', 'Queensland - Holiday Islands'),
(42, 'AU', 'Australia/Adelaide', 'South Australia'),
(43, 'AU', 'Australia/Darwin', 'Northern Territory'),
(44, 'AU', 'Australia/Perth', 'Western Australia - most locations'),
(45, 'AU', 'Australia/Eucla', 'Western Australia - Eucla area'),
(46, 'AW', 'America/Aruba', ''),
(47, 'AX', 'Europe/Mariehamn', ''),
(48, 'AZ', 'Asia/Baku', ''),
(49, 'BA', 'Europe/Sarajevo', ''),
(50, 'BB', 'America/Barbados', ''),
(51, 'BD', 'Asia/Dhaka', ''),
(52, 'BE', 'Europe/Brussels', ''),
(53, 'BF', 'Africa/Ouagadougou', ''),
(54, 'BG', 'Europe/Sofia', ''),
(55, 'BH', 'Asia/Bahrain', ''),
(56, 'BI', 'Africa/Bujumbura', ''),
(57, 'BJ', 'Africa/Porto-Novo', ''),
(58, 'BL', 'America/St_Barthelemy', ''),
(59, 'BM', 'Atlantic/Bermuda', ''),
(60, 'BN', 'Asia/Brunei', ''),
(61, 'BO', 'America/La_Paz', ''),
(62, 'BQ', 'America/Kralendijk', ''),
(63, 'BR', 'America/Noronha', 'Atlantic islands'),
(64, 'BR', 'America/Belem', 'Amapa, E Para'),
(65, 'BR', 'America/Fortaleza', 'NE Brazil (MA, PI, CE, RN, PB)'),
(66, 'BR', 'America/Recife', 'Pernambuco'),
(67, 'BR', 'America/Araguaina', 'Tocantins'),
(68, 'BR', 'America/Maceio', 'Alagoas, Sergipe'),
(69, 'BR', 'America/Bahia', 'Bahia'),
(70, 'BR', 'America/Sao_Paulo', 'S & SE Brazil (GO, DF, MG, ES, RJ, SP, PR, SC, RS)'),
(71, 'BR', 'America/Campo_Grande', 'Mato Grosso do Sul'),
(72, 'BR', 'America/Cuiaba', 'Mato Grosso'),
(73, 'BR', 'America/Santarem', 'W Para'),
(74, 'BR', 'America/Porto_Velho', 'Rondonia'),
(75, 'BR', 'America/Boa_Vista', 'Roraima'),
(76, 'BR', 'America/Manaus', 'E Amazonas'),
(77, 'BR', 'America/Eirunepe', 'W Amazonas'),
(78, 'BR', 'America/Rio_Branco', 'Acre'),
(79, 'BS', 'America/Nassau', ''),
(80, 'BT', 'Asia/Thimphu', ''),
(81, 'BW', 'Africa/Gaborone', ''),
(82, 'BY', 'Europe/Minsk', ''),
(83, 'BZ', 'America/Belize', ''),
(84, 'CA', 'America/St_Johns', 'Newfoundland Time, including SE Labrador'),
(85, 'CA', 'America/Halifax', 'Atlantic Time - Nova Scotia (most places), PEI'),
(86, 'CA', 'America/Glace_Bay', 'Atlantic Time - Nova Scotia - places that did not observe DST 1966-1971'),
(87, 'CA', 'America/Moncton', 'Atlantic Time - New Brunswick'),
(88, 'CA', 'America/Goose_Bay', 'Atlantic Time - Labrador - most locations'),
(89, 'CA', 'America/Blanc-Sablon', 'Atlantic Standard Time - Quebec - Lower North Shore'),
(90, 'CA', 'America/Montreal', 'Eastern Time - Quebec - most locations'),
(91, 'CA', 'America/Toronto', 'Eastern Time - Ontario - most locations'),
(92, 'CA', 'America/Nipigon', 'Eastern Time - Ontario & Quebec - places that did not observe DST 1967-1973'),
(93, 'CA', 'America/Thunder_Bay', 'Eastern Time - Thunder Bay, Ontario'),
(94, 'CA', 'America/Iqaluit', 'Eastern Time - east Nunavut - most locations'),
(95, 'CA', 'America/Pangnirtung', 'Eastern Time - Pangnirtung, Nunavut'),
(96, 'CA', 'America/Resolute', 'Central Standard Time - Resolute, Nunavut'),
(97, 'CA', 'America/Atikokan', 'Eastern Standard Time - Atikokan, Ontario and Southampton I, Nunavut'),
(98, 'CA', 'America/Rankin_Inlet', 'Central Time - central Nunavut'),
(99, 'CA', 'America/Winnipeg', 'Central Time - Manitoba & west Ontario'),
(100, 'CA', 'America/Rainy_River', 'Central Time - Rainy River & Fort Frances, Ontario'),
(101, 'CA', 'America/Regina', 'Central Standard Time - Saskatchewan - most locations'),
(102, 'CA', 'America/Swift_Current', 'Central Standard Time - Saskatchewan - midwest'),
(103, 'CA', 'America/Edmonton', 'Mountain Time - Alberta, east British Columbia & west Saskatchewan'),
(104, 'CA', 'America/Cambridge_Bay', 'Mountain Time - west Nunavut'),
(105, 'CA', 'America/Yellowknife', 'Mountain Time - central Northwest Territories'),
(106, 'CA', 'America/Inuvik', 'Mountain Time - west Northwest Territories'),
(107, 'CA', 'America/Creston', 'Mountain Standard Time - Creston, British Columbia'),
(108, 'CA', 'America/Dawson_Creek', 'Mountain Standard Time - Dawson Creek & Fort Saint John, British Columbia'),
(109, 'CA', 'America/Vancouver', 'Pacific Time - west British Columbia'),
(110, 'CA', 'America/Whitehorse', 'Pacific Time - south Yukon'),
(111, 'CA', 'America/Dawson', 'Pacific Time - north Yukon'),
(112, 'CC', 'Indian/Cocos', ''),
(113, 'CD', 'Africa/Kinshasa', 'west Dem. Rep. of Congo'),
(114, 'CD', 'Africa/Lubumbashi', 'east Dem. Rep. of Congo'),
(115, 'CF', 'Africa/Bangui', ''),
(116, 'CG', 'Africa/Brazzaville', ''),
(117, 'CH', 'Europe/Zurich', ''),
(118, 'CI', 'Africa/Abidjan', ''),
(119, 'CK', 'Pacific/Rarotonga', ''),
(120, 'CL', 'America/Santiago', 'most locations'),
(121, 'CL', 'Pacific/Easter', 'Easter Island & Sala y Gomez'),
(122, 'CM', 'Africa/Douala', ''),
(123, 'CN', 'Asia/Shanghai', 'east China - Beijing, Guangdong, Shanghai, etc.'),
(124, 'CN', 'Asia/Harbin', 'Heilongjiang (except Mohe), Jilin'),
(125, 'CN', 'Asia/Chongqing', 'central China - Sichuan, Yunnan, Guangxi, Shaanxi, Guizhou, etc.'),
(126, 'CN', 'Asia/Urumqi', 'most of Tibet & Xinjiang'),
(127, 'CN', 'Asia/Kashgar', 'west Tibet & Xinjiang'),
(128, 'CO', 'America/Bogota', ''),
(129, 'CR', 'America/Costa_Rica', ''),
(130, 'CU', 'America/Havana', ''),
(131, 'CV', 'Atlantic/Cape_Verde', ''),
(132, 'CW', 'America/Curacao', ''),
(133, 'CX', 'Indian/Christmas', ''),
(134, 'CY', 'Asia/Nicosia', ''),
(135, 'CZ', 'Europe/Prague', ''),
(136, 'DE', 'Europe/Berlin', ''),
(137, 'DJ', 'Africa/Djibouti', ''),
(138, 'DK', 'Europe/Copenhagen', ''),
(139, 'DM', 'America/Dominica', ''),
(140, 'DO', 'America/Santo_Domingo', ''),
(141, 'DZ', 'Africa/Algiers', ''),
(142, 'EC', 'America/Guayaquil', 'mainland'),
(143, 'EC', 'Pacific/Galapagos', 'Galapagos Islands'),
(144, 'EE', 'Europe/Tallinn', ''),
(145, 'EG', 'Africa/Cairo', ''),
(146, 'EH', 'Africa/El_Aaiun', ''),
(147, 'ER', 'Africa/Asmara', ''),
(148, 'ES', 'Europe/Madrid', 'mainland'),
(149, 'ES', 'Africa/Ceuta', 'Ceuta & Melilla'),
(150, 'ES', 'Atlantic/Canary', 'Canary Islands'),
(151, 'ET', 'Africa/Addis_Ababa', ''),
(152, 'FI', 'Europe/Helsinki', ''),
(153, 'FJ', 'Pacific/Fiji', ''),
(154, 'FK', 'Atlantic/Stanley', ''),
(155, 'FM', 'Pacific/Chuuk', 'Chuuk (Truk) and Yap'),
(156, 'FM', 'Pacific/Pohnpei', 'Pohnpei (Ponape)'),
(157, 'FM', 'Pacific/Kosrae', 'Kosrae'),
(158, 'FO', 'Atlantic/Faroe', ''),
(159, 'FR', 'Europe/Paris', ''),
(160, 'GA', 'Africa/Libreville', ''),
(161, 'GB', 'Europe/London', ''),
(162, 'GD', 'America/Grenada', ''),
(163, 'GE', 'Asia/Tbilisi', ''),
(164, 'GF', 'America/Cayenne', ''),
(165, 'GG', 'Europe/Guernsey', ''),
(166, 'GH', 'Africa/Accra', ''),
(167, 'GI', 'Europe/Gibraltar', ''),
(168, 'GL', 'America/Godthab', 'most locations'),
(169, 'GL', 'America/Danmarkshavn', 'east coast, north of Scoresbysund'),
(170, 'GL', 'America/Scoresbysund', 'Scoresbysund / Ittoqqortoormiit'),
(171, 'GL', 'America/Thule', 'Thule / Pituffik'),
(172, 'GM', 'Africa/Banjul', ''),
(173, 'GN', 'Africa/Conakry', ''),
(174, 'GP', 'America/Guadeloupe', ''),
(175, 'GQ', 'Africa/Malabo', ''),
(176, 'GR', 'Europe/Athens', ''),
(177, 'GS', 'Atlantic/South_Georgia', ''),
(178, 'GT', 'America/Guatemala', ''),
(179, 'GU', 'Pacific/Guam', ''),
(180, 'GW', 'Africa/Bissau', ''),
(181, 'GY', 'America/Guyana', ''),
(182, 'HK', 'Asia/Hong_Kong', ''),
(183, 'HN', 'America/Tegucigalpa', ''),
(184, 'HR', 'Europe/Zagreb', ''),
(185, 'HT', 'America/Port-au-Prince', ''),
(186, 'HU', 'Europe/Budapest', ''),
(187, 'ID', 'Asia/Jakarta', 'Java & Sumatra'),
(188, 'ID', 'Asia/Pontianak', 'west & central Borneo'),
(189, 'ID', 'Asia/Makassar', 'east & south Borneo, Sulawesi (Celebes), Bali, Nusa Tengarra, west Timor'),
(190, 'ID', 'Asia/Jayapura', 'west New Guinea (Irian Jaya) & Malukus (Moluccas)'),
(191, 'IE', 'Europe/Dublin', ''),
(192, 'IL', 'Asia/Jerusalem', ''),
(193, 'IM', 'Europe/Isle_of_Man', ''),
(194, 'IN', 'Asia/Kolkata', ''),
(195, 'IO', 'Indian/Chagos', ''),
(196, 'IQ', 'Asia/Baghdad', ''),
(197, 'IR', 'Asia/Tehran', ''),
(198, 'IS', 'Atlantic/Reykjavik', ''),
(199, 'IT', 'Europe/Rome', ''),
(200, 'JE', 'Europe/Jersey', ''),
(201, 'JM', 'America/Jamaica', ''),
(202, 'JO', 'Asia/Amman', ''),
(203, 'JP', 'Asia/Tokyo', ''),
(204, 'KE', 'Africa/Nairobi', ''),
(205, 'KG', 'Asia/Bishkek', ''),
(206, 'KH', 'Asia/Phnom_Penh', ''),
(207, 'KI', 'Pacific/Tarawa', 'Gilbert Islands'),
(208, 'KI', 'Pacific/Enderbury', 'Phoenix Islands'),
(209, 'KI', 'Pacific/Kiritimati', 'Line Islands'),
(210, 'KM', 'Indian/Comoro', ''),
(211, 'KN', 'America/St_Kitts', ''),
(212, 'KP', 'Asia/Pyongyang', ''),
(213, 'KR', 'Asia/Seoul', ''),
(214, 'KW', 'Asia/Kuwait', ''),
(215, 'KY', 'America/Cayman', ''),
(216, 'KZ', 'Asia/Almaty', 'most locations'),
(217, 'KZ', 'Asia/Qyzylorda', 'Qyzylorda (Kyzylorda, Kzyl-Orda)'),
(218, 'KZ', 'Asia/Aqtobe', 'Aqtobe (Aktobe)'),
(219, 'KZ', 'Asia/Aqtau', 'Atyrau (Atirau, Guryev), Mangghystau (Mankistau)'),
(220, 'KZ', 'Asia/Oral', 'West Kazakhstan'),
(221, 'LA', 'Asia/Vientiane', ''),
(222, 'LB', 'Asia/Beirut', ''),
(223, 'LC', 'America/St_Lucia', ''),
(224, 'LI', 'Europe/Vaduz', ''),
(225, 'LK', 'Asia/Colombo', ''),
(226, 'LR', 'Africa/Monrovia', ''),
(227, 'LS', 'Africa/Maseru', ''),
(228, 'LT', 'Europe/Vilnius', ''),
(229, 'LU', 'Europe/Luxembourg', ''),
(230, 'LV', 'Europe/Riga', ''),
(231, 'LY', 'Africa/Tripoli', ''),
(232, 'MA', 'Africa/Casablanca', ''),
(233, 'MC', 'Europe/Monaco', ''),
(234, 'MD', 'Europe/Chisinau', ''),
(235, 'ME', 'Europe/Podgorica', ''),
(236, 'MF', 'America/Marigot', ''),
(237, 'MG', 'Indian/Antananarivo', ''),
(238, 'MH', 'Pacific/Majuro', 'most locations'),
(239, 'MH', 'Pacific/Kwajalein', 'Kwajalein'),
(240, 'MK', 'Europe/Skopje', ''),
(241, 'ML', 'Africa/Bamako', ''),
(242, 'MM', 'Asia/Rangoon', ''),
(243, 'MN', 'Asia/Ulaanbaatar', 'most locations'),
(244, 'MN', 'Asia/Hovd', 'Bayan-Olgiy, Govi-Altai, Hovd, Uvs, Zavkhan'),
(245, 'MN', 'Asia/Choibalsan', 'Dornod, Sukhbaatar'),
(246, 'MO', 'Asia/Macau', ''),
(247, 'MP', 'Pacific/Saipan', ''),
(248, 'MQ', 'America/Martinique', ''),
(249, 'MR', 'Africa/Nouakchott', ''),
(250, 'MS', 'America/Montserrat', ''),
(251, 'MT', 'Europe/Malta', ''),
(252, 'MU', 'Indian/Mauritius', ''),
(253, 'MV', 'Indian/Maldives', ''),
(254, 'MW', 'Africa/Blantyre', ''),
(255, 'MX', 'America/Mexico_City', 'Central Time - most locations'),
(256, 'MX', 'America/Cancun', 'Central Time - Quintana Roo'),
(257, 'MX', 'America/Merida', 'Central Time - Campeche, Yucatan'),
(258, 'MX', 'America/Monterrey', 'Mexican Central Time - Coahuila, Durango, Nuevo Leon, Tamaulipas away from US border'),
(259, 'MX', 'America/Matamoros', 'US Central Time - Coahuila, Durango, Nuevo Leon, Tamaulipas near US border'),
(260, 'MX', 'America/Mazatlan', 'Mountain Time - S Baja, Nayarit, Sinaloa'),
(261, 'MX', 'America/Chihuahua', 'Mexican Mountain Time - Chihuahua away from US border'),
(262, 'MX', 'America/Ojinaga', 'US Mountain Time - Chihuahua near US border'),
(263, 'MX', 'America/Hermosillo', 'Mountain Standard Time - Sonora'),
(264, 'MX', 'America/Tijuana', 'US Pacific Time - Baja California near US border'),
(265, 'MX', 'America/Santa_Isabel', 'Mexican Pacific Time - Baja California away from US border'),
(266, 'MX', 'America/Bahia_Banderas', 'Mexican Central Time - Bahia de Banderas'),
(267, 'MY', 'Asia/Kuala_Lumpur', 'peninsular Malaysia'),
(268, 'MY', 'Asia/Kuching', 'Sabah & Sarawak'),
(269, 'MZ', 'Africa/Maputo', ''),
(270, 'NA', 'Africa/Windhoek', ''),
(271, 'NC', 'Pacific/Noumea', ''),
(272, 'NE', 'Africa/Niamey', ''),
(273, 'NF', 'Pacific/Norfolk', ''),
(274, 'NG', 'Africa/Lagos', ''),
(275, 'NI', 'America/Managua', ''),
(276, 'NL', 'Europe/Amsterdam', ''),
(277, 'NO', 'Europe/Oslo', ''),
(278, 'NP', 'Asia/Kathmandu', ''),
(279, 'NR', 'Pacific/Nauru', ''),
(280, 'NU', 'Pacific/Niue', ''),
(281, 'NZ', 'Pacific/Auckland', 'most locations'),
(282, 'NZ', 'Pacific/Chatham', 'Chatham Islands'),
(283, 'OM', 'Asia/Muscat', ''),
(284, 'PA', 'America/Panama', ''),
(285, 'PE', 'America/Lima', ''),
(286, 'PF', 'Pacific/Tahiti', 'Society Islands'),
(287, 'PF', 'Pacific/Marquesas', 'Marquesas Islands'),
(288, 'PF', 'Pacific/Gambier', 'Gambier Islands'),
(289, 'PG', 'Pacific/Port_Moresby', ''),
(290, 'PH', 'Asia/Manila', ''),
(291, 'PK', 'Asia/Karachi', ''),
(292, 'PL', 'Europe/Warsaw', ''),
(293, 'PM', 'America/Miquelon', ''),
(294, 'PN', 'Pacific/Pitcairn', ''),
(295, 'PR', 'America/Puerto_Rico', ''),
(296, 'PS', 'Asia/Gaza', 'Gaza Strip'),
(297, 'PS', 'Asia/Hebron', 'West Bank'),
(298, 'PT', 'Europe/Lisbon', 'mainland'),
(299, 'PT', 'Atlantic/Madeira', 'Madeira Islands'),
(300, 'PT', 'Atlantic/Azores', 'Azores'),
(301, 'PW', 'Pacific/Palau', ''),
(302, 'PY', 'America/Asuncion', ''),
(303, 'QA', 'Asia/Qatar', ''),
(304, 'RE', 'Indian/Reunion', ''),
(305, 'RO', 'Europe/Bucharest', ''),
(306, 'RS', 'Europe/Belgrade', ''),
(307, 'RU', 'Europe/Kaliningrad', 'Moscow-01 - Kaliningrad'),
(308, 'RU', 'Europe/Moscow', 'Moscow+00 - west Russia'),
(309, 'RU', 'Europe/Volgograd', 'Moscow+00 - Caspian Sea'),
(310, 'RU', 'Europe/Samara', 'Moscow+00 - Samara, Udmurtia'),
(311, 'RU', 'Asia/Yekaterinburg', 'Moscow+02 - Urals'),
(312, 'RU', 'Asia/Omsk', 'Moscow+03 - west Siberia'),
(313, 'RU', 'Asia/Novosibirsk', 'Moscow+03 - Novosibirsk'),
(314, 'RU', 'Asia/Novokuznetsk', 'Moscow+03 - Novokuznetsk'),
(315, 'RU', 'Asia/Krasnoyarsk', 'Moscow+04 - Yenisei River'),
(316, 'RU', 'Asia/Irkutsk', 'Moscow+05 - Lake Baikal'),
(317, 'RU', 'Asia/Yakutsk', 'Moscow+06 - Lena River'),
(318, 'RU', 'Asia/Vladivostok', 'Moscow+07 - Amur River'),
(319, 'RU', 'Asia/Sakhalin', 'Moscow+07 - Sakhalin Island'),
(320, 'RU', 'Asia/Magadan', 'Moscow+08 - Magadan'),
(321, 'RU', 'Asia/Kamchatka', 'Moscow+08 - Kamchatka'),
(322, 'RU', 'Asia/Anadyr', 'Moscow+08 - Bering Sea'),
(323, 'RW', 'Africa/Kigali', ''),
(324, 'SA', 'Asia/Riyadh', ''),
(325, 'SB', 'Pacific/Guadalcanal', ''),
(326, 'SC', 'Indian/Mahe', ''),
(327, 'SD', 'Africa/Khartoum', ''),
(328, 'SE', 'Europe/Stockholm', ''),
(329, 'SG', 'Asia/Singapore', ''),
(330, 'SH', 'Atlantic/St_Helena', ''),
(331, 'SI', 'Europe/Ljubljana', ''),
(332, 'SJ', 'Arctic/Longyearbyen', ''),
(333, 'SK', 'Europe/Bratislava', ''),
(334, 'SL', 'Africa/Freetown', ''),
(335, 'SM', 'Europe/San_Marino', ''),
(336, 'SN', 'Africa/Dakar', ''),
(337, 'SO', 'Africa/Mogadishu', ''),
(338, 'SR', 'America/Paramaribo', ''),
(339, 'SS', 'Africa/Juba', ''),
(340, 'ST', 'Africa/Sao_Tome', ''),
(341, 'SV', 'America/El_Salvador', ''),
(342, 'SX', 'America/Lower_Princes', ''),
(343, 'SY', 'Asia/Damascus', ''),
(344, 'SZ', 'Africa/Mbabane', ''),
(345, 'TC', 'America/Grand_Turk', ''),
(346, 'TD', 'Africa/Ndjamena', ''),
(347, 'TF', 'Indian/Kerguelen', ''),
(348, 'TG', 'Africa/Lome', ''),
(349, 'TH', 'Asia/Bangkok', ''),
(350, 'TJ', 'Asia/Dushanbe', ''),
(351, 'TK', 'Pacific/Fakaofo', ''),
(352, 'TL', 'Asia/Dili', ''),
(353, 'TM', 'Asia/Ashgabat', ''),
(354, 'TN', 'Africa/Tunis', ''),
(355, 'TO', 'Pacific/Tongatapu', ''),
(356, 'TR', 'Europe/Istanbul', ''),
(357, 'TT', 'America/Port_of_Spain', ''),
(358, 'TV', 'Pacific/Funafuti', ''),
(359, 'TW', 'Asia/Taipei', ''),
(360, 'TZ', 'Africa/Dar_es_Salaam', ''),
(361, 'UA', 'Europe/Kiev', 'most locations'),
(362, 'UA', 'Europe/Uzhgorod', 'Ruthenia'),
(363, 'UA', 'Europe/Zaporozhye', 'Zaporozhye, E Lugansk / Zaporizhia, E Luhansk'),
(364, 'UA', 'Europe/Simferopol', 'central Crimea'),
(365, 'UG', 'Africa/Kampala', ''),
(366, 'UM', 'Pacific/Johnston', 'Johnston Atoll'),
(367, 'UM', 'Pacific/Midway', 'Midway Islands'),
(368, 'UM', 'Pacific/Wake', 'Wake Island'),
(369, 'US', 'America/New_York', 'Eastern Time'),
(370, 'US', 'America/Detroit', 'Eastern Time - Michigan - most locations'),
(371, 'US', 'America/Kentucky/Louisville', 'Eastern Time - Kentucky - Louisville area'),
(372, 'US', 'America/Kentucky/Monticello', 'Eastern Time - Kentucky - Wayne County'),
(373, 'US', 'America/Indiana/Indianapolis', 'Eastern Time - Indiana - most locations'),
(374, 'US', 'America/Indiana/Vincennes', 'Eastern Time - Indiana - Daviess, Dubois, Knox & Martin Counties'),
(375, 'US', 'America/Indiana/Winamac', 'Eastern Time - Indiana - Pulaski County'),
(376, 'US', 'America/Indiana/Marengo', 'Eastern Time - Indiana - Crawford County'),
(377, 'US', 'America/Indiana/Petersburg', 'Eastern Time - Indiana - Pike County'),
(378, 'US', 'America/Indiana/Vevay', 'Eastern Time - Indiana - Switzerland County'),
(379, 'US', 'America/Chicago', 'Central Time'),
(380, 'US', 'America/Indiana/Tell_City', 'Central Time - Indiana - Perry County'),
(381, 'US', 'America/Indiana/Knox', 'Central Time - Indiana - Starke County'),
(382, 'US', 'America/Menominee', 'Central Time - Michigan - Dickinson, Gogebic, Iron & Menominee Counties'),
(383, 'US', 'America/North_Dakota/Center', 'Central Time - North Dakota - Oliver County'),
(384, 'US', 'America/North_Dakota/New_Salem', 'Central Time - North Dakota - Morton County (except Mandan area)'),
(385, 'US', 'America/North_Dakota/Beulah', 'Central Time - North Dakota - Mercer County'),
(386, 'US', 'America/Denver', 'Mountain Time'),
(387, 'US', 'America/Boise', 'Mountain Time - south Idaho & east Oregon'),
(388, 'US', 'America/Shiprock', 'Mountain Time - Navajo'),
(389, 'US', 'America/Phoenix', 'Mountain Standard Time - Arizona'),
(390, 'US', 'America/Los_Angeles', 'Pacific Time'),
(391, 'US', 'America/Anchorage', 'Alaska Time'),
(392, 'US', 'America/Juneau', 'Alaska Time - Alaska panhandle'),
(393, 'US', 'America/Sitka', 'Alaska Time - southeast Alaska panhandle'),
(394, 'US', 'America/Yakutat', 'Alaska Time - Alaska panhandle neck'),
(395, 'US', 'America/Nome', 'Alaska Time - west Alaska'),
(396, 'US', 'America/Adak', 'Aleutian Islands'),
(397, 'US', 'America/Metlakatla', 'Metlakatla Time - Annette Island'),
(398, 'US', 'Pacific/Honolulu', 'Hawaii'),
(399, 'UY', 'America/Montevideo', ''),
(400, 'UZ', 'Asia/Samarkand', 'west Uzbekistan'),
(401, 'UZ', 'Asia/Tashkent', 'east Uzbekistan'),
(402, 'VA', 'Europe/Vatican', ''),
(403, 'VC', 'America/St_Vincent', ''),
(404, 'VE', 'America/Caracas', ''),
(405, 'VG', 'America/Tortola', ''),
(406, 'VI', 'America/St_Thomas', ''),
(407, 'VN', 'Asia/Ho_Chi_Minh', ''),
(408, 'VU', 'Pacific/Efate', ''),
(409, 'WF', 'Pacific/Wallis', ''),
(410, 'WS', 'Pacific/Apia', ''),
(411, 'YE', 'Asia/Aden', ''),
(412, 'YT', 'Indian/Mayotte', ''),
(413, 'ZA', 'Africa/Johannesburg', ''),
(414, 'ZM', 'Africa/Lusaka', ''),
(415, 'ZW', 'Africa/Harare', '');

-- --------------------------------------------------------

--
-- Table structure for table `users`
--

CREATE TABLE `users` (
  `id` int(10) UNSIGNED NOT NULL,
  `name` varchar(191) COLLATE utf8mb4_unicode_ci NOT NULL,
  `email` varchar(191) COLLATE utf8mb4_unicode_ci NOT NULL,
  `password` varchar(191) COLLATE utf8mb4_unicode_ci NOT NULL,
  `remember_token` varchar(100) COLLATE utf8mb4_unicode_ci DEFAULT NULL,
  `created_at` timestamp NULL DEFAULT NULL,
  `updated_at` timestamp NULL DEFAULT NULL,
  `tenant` int(11) DEFAULT NULL
) ENGINE=InnoDB DEFAULT CHARSET=utf8mb4 COLLATE=utf8mb4_unicode_ci;

--
-- Dumping data for table `users`
--

INSERT INTO `users` (`id`, `name`, `email`, `password`, `remember_token`, `created_at`, `updated_at`, `tenant`) VALUES
(1, 'Admin ', 'klunwebale@gmail.com', '$2y$10$hsSLr/.p2U9CaBKowyQ59OMEHQTOdDdRcX8xIqWhhotgRCMmupr8W', 'apLLbx8v7EVN3AIiP4LhaAEpruPEuLDA9F8GFYJMnM4Z20eMYdIr5hTrzTSP', '2016-11-17 00:40:12', '2017-05-10 10:26:21', 1),
(19, 'Super Admin', 'admin@admin.com', '$2y$10$hsSLr/.p2U9CaBKowyQ59OMEHQTOdDdRcX8xIqWhhotgRCMmupr8W', 'sTmwfwu5diDEU3oHOAnGuAnKm80RVN5oMhQxpzBI1EZwEHrq580wNluM5QKw', NULL, NULL, NULL),
(20, 'spice  admin', 'spicehrm@gmail.com', '$2y$10$hsSLr/.p2U9CaBKowyQ59OMEHQTOdDdRcX8xIqWhhotgRCMmupr8W', 'N3yp7ClO0MCrdXTgDP7ov1HtpIfTfWcxvxGTafHS3jdkFuT4aAz1Z2iiXazw', '2017-06-22 03:52:19', '2017-06-22 03:52:19', 3),
(21, 'martha  kamotho', 'marthakimani@spicehrm.com', '$2y$10$hsSLr/.p2U9CaBKowyQ59OMEHQTOdDdRcX8xIqWhhotgRCMmupr8W', 'XqsMNNcYqbmYtsF22ksPwWr6KHzjuXY5ysYCoPtwSPys5ZhvflFBFASxIDhE', '2017-06-22 10:02:04', '2017-06-22 10:02:04', 3),
(22, 'kimani  jacky  kamburi', 'kimanijacky@spicehrm.com', 'ofktoWG0', NULL, '2017-06-30 14:52:35', '2017-06-30 14:52:35', 3),
(23, 'Edward  snowden  joseph', 'edwardsnowden@spicehrm.com', '$2y$10$jdEKloGSxh0ROKzPXufUt.OrtHRiPH4pclkhqNvbBALk1Mk9dVTf6', NULL, '2017-07-02 04:31:28', '2017-07-02 04:31:28', 3),
(24, 'James  Tarus  Chebet', 'jamestarus@spicehrm.com', '$2y$10$hsSLr/.p2U9CaBKowyQ59OMEHQTOdDdRcX8xIqWhhotgRCMmupr8W', '4msXJ2ClthQgZGSzigiX6ke06E4k7TyusoEPJMtfPWlJIJwpcsJ4HOEFQbfV', '2017-07-03 03:39:14', '2017-07-03 03:39:14', 3),
(25, 'james  kimotho', 'jameskigen@gmail.com', '$2y$10$n/JAxpG9J5OzoOv30iRuzeOLWqBxGvsY820bGCT8tzNMDkyc/dWSu', NULL, '2017-09-04 09:15:09', '2017-09-04 09:15:09', 4),
(26, 'james  kimotho', 'jameskigen2@gmail.com', '$2y$10$C0XoYS3PBg3jWrDY8HjBX.TSIfrJcgktCAdydZKv0R9ZWrawc5cBS', NULL, '2017-09-04 09:22:02', '2017-09-04 09:22:02', 5);

--
-- Indexes for dumped tables
--

--
-- Indexes for table `employeecount`
--
ALTER TABLE `employeecount`
  ADD PRIMARY KEY (`id`);

--
-- Indexes for table `migrations`
--
ALTER TABLE `migrations`
  ADD PRIMARY KEY (`id`);

--
-- Indexes for table `password_resets`
--
ALTER TABLE `password_resets`
  ADD KEY `password_resets_email_index` (`email`);

--
-- Indexes for table `payrollprocessor`
--
ALTER TABLE `payrollprocessor`
  ADD PRIMARY KEY (`id`);

--
-- Indexes for table `permissions`
--
ALTER TABLE `permissions`
  ADD PRIMARY KEY (`id`);

--
-- Indexes for table `roles`
--
ALTER TABLE `roles`
  ADD PRIMARY KEY (`id`);

--
-- Indexes for table `tenants`
--
ALTER TABLE `tenants`
  ADD PRIMARY KEY (`id`);

--
-- Indexes for table `timezones`
--
ALTER TABLE `timezones`
  ADD PRIMARY KEY (`id`);

--
-- Indexes for table `users`
--
ALTER TABLE `users`
  ADD PRIMARY KEY (`id`),
  ADD UNIQUE KEY `users_email_unique` (`email`);

--
-- AUTO_INCREMENT for dumped tables
--

--
-- AUTO_INCREMENT for table `employeecount`
--
ALTER TABLE `employeecount`
  MODIFY `id` int(100) NOT NULL AUTO_INCREMENT, AUTO_INCREMENT=11;
--
-- AUTO_INCREMENT for table `migrations`
--
ALTER TABLE `migrations`
  MODIFY `id` int(10) UNSIGNED NOT NULL AUTO_INCREMENT, AUTO_INCREMENT=5;
--
-- AUTO_INCREMENT for table `payrollprocessor`
--
ALTER TABLE `payrollprocessor`
  MODIFY `id` int(11) NOT NULL AUTO_INCREMENT, AUTO_INCREMENT=2;
--
-- AUTO_INCREMENT for table `permissions`
--
ALTER TABLE `permissions`
  MODIFY `id` int(10) UNSIGNED NOT NULL AUTO_INCREMENT, AUTO_INCREMENT=212;
--
-- AUTO_INCREMENT for table `roles`
--
ALTER TABLE `roles`
  MODIFY `id` int(10) UNSIGNED NOT NULL AUTO_INCREMENT, AUTO_INCREMENT=14;
--
-- AUTO_INCREMENT for table `tenants`
--
ALTER TABLE `tenants`
  MODIFY `id` bigint(20) NOT NULL AUTO_INCREMENT, AUTO_INCREMENT=6;
--
-- AUTO_INCREMENT for table `timezones`
--
ALTER TABLE `timezones`
  MODIFY `id` int(3) NOT NULL AUTO_INCREMENT, AUTO_INCREMENT=416;
--
-- AUTO_INCREMENT for table `users`
--
ALTER TABLE `users`
  MODIFY `id` int(10) UNSIGNED NOT NULL AUTO_INCREMENT, AUTO_INCREMENT=27;
/*!40101 SET CHARACTER_SET_CLIENT=@OLD_CHARACTER_SET_CLIENT */;
/*!40101 SET CHARACTER_SET_RESULTS=@OLD_CHARACTER_SET_RESULTS */;
/*!40101 SET COLLATION_CONNECTION=@OLD_COLLATION_CONNECTION */;
